{"0.0": {"0.1667": {"0.1667": {"-0.004": {"0.0": [0.0, 0.0, 0.04698589442943851], "0.02": [0.0, 0.0, 0.0], "0.008": [0.0, 0.0, 0.0], "0.006": [-0.0004, 0.0, 0.0], "0.0006": [0.0, 0.0, 0.0]}, "0.0": {"0.0": [-0.05119415439989136, 1.9692735529670897, 0.9292332895958664]}, "-4e-05": {"0.0": [0.24747594877375165, 0.09879933816654887, 0.0], "0.0002": [0.0, 4.000000000000001e-06, 0.0]}, "-0.008": {"0.0": [0.00890863202210627, 0.057735526537363524, 0.0], "0.006": [-0.0008, 0.0, 0.0]}, "-2e-05": {"0.0": [0.0, 0.0, 0.24487979300538065]}, "-0.002": {"0.0": [0.24371076551707063, 0.059934343786480535, 0.015123523358480086]}, "-0.0008": {"0.0": [0.0, 0.0, 0.09004870536066709], "0.0002": [-8e-05, 0.0, 0.0]}, "-0.006": {"0.0": [0.0, 0.04116582645622259, 0.0]}, "-0.0002": {"0.0": [0.0, 0.0, 0.093384699111468], "0.0004": [0.0, 2e-05, 0.0]}, "4e-05": {"0.0": [0.0, 0.24508045337266593, 0.0], "4e-05": [0.0, -4.000000000000001e-06, 0.0], "6e-05": [0.0, 0.0, 0.0]}, "-8e-05": {"0.0": [0.0, 0.06111486567675771, 0.0], "0.0002": [0.0, 0.0, 0.0], "6e-06": [-8.000000000000001e-06, 0.0, 0.0]}, "-8e-06": {"0.0": [0.0, 0.0, 0.15978973559498386]}, "-2e-06": {"0.0": [0.0, 0.0, 0.2283818756177654]}, "0.02": {"0.0": [0.03285378093528046, 0.0, 0.0]}, "-0.0006": {"0.0008": [-5.9999999999999995e-05, 0.0, 0.0]}, "2e-06": {"0.0002": [0.0, 0.0, 0.0]}}, "0.0": {"0.0": {"0.0": [-0.10289168963477947, 1.9579987798577734, 0.9885209814201774]}, "0.002": {"0.0": [0.025575422233631975, 0.014759312156065662, 0.0]}, "0.004": {"0.0": [0.06568714206267276, 0.0, 0.0], "0.02": [0.0, -0.0004, 0.0]}, "-2e-06": {"0.0": [0.47202805391609587, 0.0, 0.0]}, "0.006": {"0.0": [0.0, 0.012490988716686633, 0.0]}, "-4e-05": {"0.0": [0.0, 0.04110008590265931, 0.05776652105089357], "2e-05": [0.0, 4.000000000000001e-06, 0.0]}, "2e-05": {"0.0": [0.0, 0.944020793177523, 0.0], "8e-05": [0.0, -2.0000000000000003e-06, 0.0]}, "-8e-06": {"0.0": [0.0, 0.33923311746465223, 0.0]}, "-2e-05": {"0.0": [0.0, 0.011609718772565811, 0.0]}, "-0.0002": {"0.0": [0.0, 0.0, 0.8788090077565271], "0.0004": [-2e-05, 0.0, 0.0]}, "-0.0004": {"0.004": [0.0, 4e-05, 0.0]}, "8e-05": {"8e-05": [0.0, 0.0, 0.0]}, "4e-06": {"6e-05": [0.0, -4e-07, 0.0]}}, "0.3333": {"0.0": {"0.0": [-0.014417791119016152, 1.9740672970877098, 0.09729261098809658]}, "-0.008": {"0.0": [0.0, 0.0, 0.04794764430738161]}, "0.004": {"0.0": [0.1251611101073794, 0.0, 0.0]}}}, "0.0": {"0.0": {"0.0": {"0.0": [-0.040970106996495635, 1.8691182364278494, 0.8436346061349468], "6e-05": [0.008390512555049877, 0.0, 0.0]}, "2e-05": {"0.0": [0.12392024309547049, 0.18677757983084356, 0.12460321575054924]}, "8e-06": {"0.0": [0.0865242348092394, 0.06007186791249076, 0.06338023940493784]}, "0.004": {"0.0": [0.019998283057296496, 0.06972089064032054, 0.06195008990364316], "0.02": [0.00076, 0.0, 0.0]}, "-2e-05": {"0.0": [0.35821060382501657, 0.11130478941711225, 0.3016579687455987]}, "-8e-05": {"0.0": [0.0, 0.3824707861403711, 0.17362191540296606], "0.002": [-8.000000000000001e-06, 0.0, 0.0]}, "-4e-05": {"0.0": [0.17663146383720918, 0.11549438855327021, 0.18157223608495981], "0.006": [0.0, 4.000000000000001e-06, 0.0]}, "-6e-05": {"0.0": [0.0, 0.1176700349950216, 0.06210239692449506], "8e-05": [0.0, 0.0, 0.0], "8e-06": [-6e-06, 0.0, 0.0]}, "0.0002": {"0.0": [0.12107400117196734, 0.11805752734988297, 0.1627007338037661], "0.0002": [2e-05, 0.0, 0.0]}, "-0.0002": {"0.0": [0.03171851141713257, 0.08003802955114571, 0.29508909110321824], "0.002": [0.0, 0.0, 0.0]}, "0.0004": {"0.0": [0.0, 0.10697667713743066, 0.08130408070477045], "0.002": [0.0, -4e-05, 0.0]}, "-0.0006": {"0.0": [0.029557759719859588, 0.04687520784407441, 0.1035295006276861]}, "-0.0008": {"0.0": [0.052229018762483405, 0.05802752373149634, 0.09433508820072067]}, "2e-06": {"0.0": [0.0970487301870518, 0.16227281077512892, 0.4551317459771201]}, "-4e-06": {"0.0": [0.0, 0.0, 0.20241789172490582]}, "-8e-06": {"0.0": [0.07714456994942848, 0.3604447832841523, 0.2174071104941888], "4e-05": [0.0, 8e-07, 0.0]}, "4e-05": {"0.0": [0.08477588842497731, 0.08927856853992916, 0.1778194877043172]}, "6e-05": {"0.0": [0.11616864929791645, 0.11895603435591404, 0.11832569671340182]}, "-0.004": {"0.0": [0.1734852339102462, 0.06717434165217906, 0.06026819788664074]}, "8e-05": {"0.0": [0.23898637177598947, 0.17248245539053875, 0.1106646671872483]}, "0.002": {"0.0": [0.0, 0.0420524466933171, 0.07221743610785174]}, "0.02": {"0.0": [0.0, 0.020214578775899904, 0.056652192659754456]}, "0.006": {"0.0": [0.0, 0.006980977539328526, 0.05456232436681287], "0.006": [0.0, 0.0, 0.0]}, "-6e-06": {"0.0": [0.0, 0.0, 0.097312270241289]}, "0.0006": {"0.0": [0.0, 0.029699651355336563, 0.11464870843483814], "0.0006": [0.0, -5.9999999999999995e-05, 0.0]}, "-0.0004": {"0.0": [0.1184374276031206, 0.0, 0.1194656461883621]}, "-2e-06": {"0.0": [0.9715588714944212, 0.09371864814956743, 0.20555791254722783]}, "-0.008": {"0.0": [-0.001826471430890249, 0.07601867233990664, 0.05423171413184029]}, "-0.002": {"0.0": [0.026446714557449638, 0.03350539907159234, 0.2596548669424815]}, "6e-06": {"0.0": [0.0, 0.0, 0.1998255880851149]}, "4e-06": {"0.0": [0.1298393961577188, 0.16596179608208877, 0.42892438136417865]}, "-0.02": {"0.0": [0.0, 0.0, 0.06114663413619537]}, "0.008": {"0.0": [0.0, 0.0640588704748793, 0.030697895891207416], "0.008": [0.0, -0.0008, 0.0], "0.04": [0.0008, 0.0, 0.0]}, "0.0008": {"0.0": [0.0, 0.08354141785713133, 0.07720956625605761]}, "-0.006": {"0.0": [0.0, 0.04786353457815502, 0.014468985515902286], "0.006": [0.0, 0.00062, 0.0]}}, "-0.1667": {"0.0": {"0.0": [0.0, 1.9733878512614162, 0.9885521917262229]}, "4e-05": {"0.0": [0.0, 0.0, 0.1011579112344131]}, "-8e-06": {"0.0": [0.0, 0.0, 0.014062664481017995]}}, "0.1667": {"0.0": {"0.0": [-0.16550888346797057, 1.9796061958543465, 0.9764755501608636]}, "-2e-05": {"0.0": [0.9837841496410777, 0.0, 0.9793307667259441]}, "2e-05": {"0.0": [0.0, 0.0, 0.07829320816669119]}, "0.004": {"0.0": [0.04860715173834798, 0.0, 0.0]}, "-8e-05": {"0.0": [0.028543522448694552, 0.0, 0.0], "0.002": [-8.000000000000001e-06, 0.0, 0.0]}, "-4e-06": {"0.0": [0.16902783503984845, 0.0, 0.0]}, "-0.0002": {"0.0": [0.04645872177128536, 0.0, 0.0]}, "8e-05": {"0.0": [0.0, 0.0, 0.18002993534724682]}, "4e-06": {"0.0": [0.0, 0.0, 0.16012404044512582], "8e-05": [4e-07, 0.0, 0.0]}, "-8e-06": {"0.0": [0.0, 0.0, 0.11745890790158678]}, "-0.0004": {"0.0": [0.0, 0.0, 0.05434195120199245]}, "4e-05": {"0.0": [0.0, 0.11774203938228041, 0.02823995632215789]}, "-6e-05": {"6e-05": [0.0, 0.0, 0.0]}, "-0.0008": {"0.02": [-8e-05, 0.0, 0.0]}}, "0.3333": {"-2e-05": {"0.0": [0.16261771695641902, 0.0, 0.0]}}, "-1.0": {"0.0": {"0.0": [0.0, 0.9999734386011123, 0.0]}}, "-0.5": {"0.0": {"0.0": [0.0, 1.4884034617928588, 0.0]}}}, "-0.1667": {"-0.1667": {"2e-05": {"0.0": [0.0, 0.07169830517631956, 0.3533887944047959]}, "-0.008": {"0.0": [0.0, 0.0, 0.05178079067979062]}, "0.0": {"0.0": [-0.02261642940606131, 1.8839403901194842, 0.9539049280054898]}, "-2e-06": {"0.0": [0.0, 0.0, 0.08340880975081927]}, "8e-05": {"0.0": [0.028479687820278144, 0.0, 0.0]}, "-0.002": {"0.0": [0.0, 0.1213338754524517, 0.0], "0.0002": [0.0, 0.0002, 0.0]}, "0.004": {"0.0": [0.0, 0.017617959978320517, 0.024348577810964715], "0.02": [0.0004, 0.0, 0.0]}, "0.0002": {"0.0": [0.0, 0.014626746014727368, 0.2820916794756392], "0.002": [0.0, -2e-05, 0.0]}, "0.002": {"0.0": [0.0, 0.0, 0.07919455320548673], "0.002": [0.0, -0.0002, 0.0]}, "-8e-06": {"0.0": [0.23608116694984352, 0.0, 0.04349999031603265]}, "4e-06": {"0.0": [0.0, 0.16251501196752455, 0.2206620319608191], "0.0002": [4e-07, 0.0, 0.0]}, "0.008": {"0.0": [0.0, 0.01661701210509794, 0.12844464442512543]}, "6e-05": {"0.0": [0.49261152064623703, 0.1990770925802389, 0.18351745401382974], "6e-05": [6e-06, 0.0, 0.0]}, "-2e-05": {"0.0": [0.0, 0.0, 0.4016493170959068], "2e-05": [0.0, 0.0, 0.018022239164207615]}, "0.006": {"0.0": [0.0, 0.0, 0.012091963763645575], "0.02": [0.0, 0.0, 0.0]}, "4e-05": {"0.0": [0.0, 0.0, 0.12409002560516617], "4e-05": [0.0, -4.000000000000001e-06, 0.0]},